{
    "rmse": 3401.9085394194285,
    "mse": 11572981.71057483,
    "r2score": 0.859951437306589
}