{
    "rmse": 3227.730511231604,
    "mse": 10418244.253135432,
    "r2score": 0.8739253055150611
}