{
    "rmse": 3428.0973354957473,
    "mse": 11751851.341633042,
    "r2score": 0.8577868754533275
}