{
    "rmse": 3098.8873303696264,
    "mse": 9603102.68632539,
    "r2score": 0.8808053521934474
}