{
    "rmse": 3266.6403010789363,
    "mse": 10670938.856633084,
    "r2score": 0.8708673627216417
}